city,category,year,month,day,job_posting,resume_1,resume_2,resume_3,resume_4,name_1_gender,name_2_gender,name_3_gender,name_4_gender,name_1_race,name_2_race,name_3_race,name_4_race,period
Birmingham,sales,1950,6,18,"PROMOTIONAL MINDED MEN needed for world's fastest moving sales organization. Good strong salesmen, 26-39, with car, experienced in calling on drug, department and women's specialty stores. Capable of doing a sound promotional merchandising job with nationally advertised products. Interested only in men who can help our customers increase their traffic, aid them with their advertising and display problems, and generally assist them to increase their business. THE NELSON SERVICE, 1814 2nd Ave. N.","APPLICATION FOR EMPLOYMENT

Personal Information
Full Name: Jeffrey Sullivan
Address: 1315 Center Street North, Birmingham, AL 35204
Telephone: KLondike 5-1234
Social Security Number: 234-56-7890

Are you legally eligible for employment in the United States? Yes

Position Applied For: Promotional Salesman

Date Available to Start: Available to begin work immediately.
Are you willing to work overtime if necessary? Yes

Education
High School Attended: Woodlawn High School
City & State: 5620 1st Avenue North, Birmingham, AL 35212
Year Graduated: 1949

Employment History
(Please list your last job, if any)
Employer Name: General Store Supplies
Address: 1200 3rd Avenue, Birmingham, AL
Job Title: Store Clerk
Time Employed: From April To June 1950
Duties: Assisted in managing inventory and restocking shelves while handling customer inquiries.
Reason for Leaving: Left for better compensation.

Authorization & Signature
I certify that the above information is true and complete to the best of my knowledge. I understand that providing false information may result in termination of my employment.
Signature (Print): Jeffrey Sullivan
Date: July 02, 1950","APPLICATION FOR EMPLOYMENT

Personal Information
Full Name: Roscoe Washington
Address: 1125 4th Avenue South, Birmingham, AL 35205
Telephone: BEacon 3-9981
Social Security Number: 345-67-8901

Are you legally eligible for employment in the United States? Yes

Position Applied For: Promotional Sales Representative

Date Available to Start: Available to begin work immediately.
Are you willing to work overtime if necessary? Yes

Education
High School Attended: A.H. Parker High School
City & State: 900 4th Avenue North, Birmingham, AL 35203
Year Graduated: 1949

Employment History
(Please list your last job, if any)
Employer Name: Birmingham Hardware Co.
Address: 200 Elm Street, Birmingham, AL
Job Title: Warehouse Assistant
Time Employed: From February To April 1950
Duties: Organized goods in the warehouse and maintained stock records using manual ledgers.
Reason for Leaving: Sought improved benefits.

Authorization & Signature
I certify that the above information is true and complete to the best of my knowledge. I understand that providing false information may result in termination of my employment.
Signature (Print): Roscoe Washington
Date: June 29, 1950","APPLICATION FOR EMPLOYMENT

Personal Information
Full Name: David Walsh
Address: 846 Graymont Avenue West, Birmingham, AL 3520
Telephone: KLondike 7-4568
Social Security Number: 456-78-9012

Are you legally eligible for employment in the United States? Yes

Position Applied For: Promotional Merchandiser

Date Available to Start: Available to begin work immediately.
Are you willing to work overtime if necessary? Yes

Education
High School Attended: Woodlawn High School
City & State: 5620 1st Avenue North, Birmingham, AL 35212
Year Graduated: 1949

Employment History
(Please list your last job, if any)
Employer Name: Southern General Store
Address: 350 Market Street, Birmingham, AL
Job Title: Retail Associate
Time Employed: From April To June 1950
Duties: Helped customers with product selections and assisted with general store maintenance.
Reason for Leaving: Needed more opportunity for advancement.

Authorization & Signature
I certify that the above information is true and complete to the best of my knowledge. I understand that providing false information may result in termination of my employment.
Signature (Print): David Walsh
Date: June 25, 1950","APPLICATION FOR EMPLOYMENT

Personal Information
Full Name: Roosevelt Jackson
Address: 5723 2nd Avenue North, Birmingham, AL 35212
Telephone: BEacon 2-7890
Social Security Number: 567-89-0123

Are you legally eligible for employment in the United States? Yes

Position Applied For: Merchandising Representative

Date Available to Start: Available to begin work immediately.
Are you willing to work overtime if necessary? Yes

Education
High School Attended: A.H. Parker High School
City & State: 900 4th Avenue North, Birmingham, AL 35203
Year Graduated: 1949

Employment History
(Please list your last job, if any)
Employer Name: City Outfitters
Address: 480 Peachtree Lane, Birmingham, AL
Job Title: Sales Assistant
Time Employed: From March To May 1950
Duties: Supported sales floor operations by restocking products and handling transactions.
Reason for Leaving: Looking for a role with greater responsibility.

Authorization & Signature
I certify that the above information is true and complete to the best of my knowledge. I understand that providing false information may result in termination of my employment.
Signature (Print): Roosevelt Jackson
Date: June 29, 1950",male,male,male,male,white,black,white,black,1950
Birmingham,sales,1950,6,18,"SALESMAN, executive type with car. Prefer man with forms and systems experience. Remuneration commensurate with ability. See Mr. Stripling THE NELSON SERVICE, 504 Bell Bldg, 1814 2nd Ave., N.","APPLICATION FOR EMPLOYMENT

Personal Information
Full Name: Robert Ryan
Address: 846 Graymont Avenue West, Birmingham, AL 3520
Telephone: KLondike 5-1234
Social Security Number: 123-45-6789

Are you legally eligible for employment in the United States? Yes

Position Applied For: SALESMAN, executive type with car

Date Available to Start: Available to begin work immediately.
Are you willing to work overtime if necessary? Yes

Education
High School Attended: Woodlawn High School
City & State: 5620 1st Avenue North, Birmingham, AL 35212
Year Graduated: 1949

Employment History
(Please list your last job, if any)
Employer Name: Central Merchants Ltd.
Address: 100 Commerce Street, Birmingham, AL
Job Title: Office Clerk
Time Employed: From March To May 1950
Duties: Managed paperwork, processed orders manually, and maintained filing records in a busy office environment.
Reason for Leaving: Left in search of increased responsibility and better benefits.

Authorization & Signature
I certify that the above information is true and complete to the best of my knowledge. I understand that providing false information may result in termination of my employment.
Signature (Print): Robert Ryan
Date: July 02, 1950","APPLICATION FOR EMPLOYMENT

Personal Information
Full Name: Booker Jones
Address: 1315 Center Street North, Birmingham, AL 35204
Telephone: BEacon 3-9981
Social Security Number: 234-56-7890

Are you legally eligible for employment in the United States? Yes

Position Applied For: SALESMAN, executive type with car

Date Available to Start: Available to begin work immediately.
Are you willing to work overtime if necessary? Yes

Education
High School Attended: A.H. Parker High School
City & State: 900 4th Avenue North, Birmingham, AL 35203
Year Graduated: 1949

Employment History
(Please list your last job, if any)
Employer Name: Birmingham General Supplies
Address: 200 Industrial Blvd, Birmingham, AL
Job Title: Warehouse Clerk
Time Employed: From March To May 1950
Duties: Assisted with inventory counts and record keeping, ensuring timely documentation of received shipments.
Reason for Leaving: Seeking improved pay and more stable hours.

Authorization & Signature
I certify that the above information is true and complete to the best of my knowledge. I understand that providing false information may result in termination of my employment.
Signature (Print): Booker Jones
Date: June 29, 1950","APPLICATION FOR EMPLOYMENT

Personal Information
Full Name: David Sullivan
Address: 5723 2nd Avenue North, Birmingham, AL 35212
Telephone: Redline 4-5678
Social Security Number: 345-67-8901

Are you legally eligible for employment in the United States? Yes

Position Applied For: SALESMAN, executive type with car

Date Available to Start: Available to begin work immediately.
Are you willing to work overtime if necessary? Yes

Education
High School Attended: Woodlawn High School
City & State: 5620 1st Avenue North, Birmingham, AL 35212
Year Graduated: 1949

Employment History
(Please list your last job, if any)
Employer Name: Midtown Paper Co.
Address: 300 Paper Mill Road, Birmingham, AL
Job Title: File Clerk
Time Employed: From February To April 1950
Duties: Organized company files and assisted in data entry tasks, supporting routine administrative functions.
Reason for Leaving: Moved to pursue opportunities with better compensation.

Authorization & Signature
I certify that the above information is true and complete to the best of my knowledge. I understand that providing false information may result in termination of my employment.
Signature (Print): David Sullivan
Date: June 28, 1950","APPLICATION FOR EMPLOYMENT

Personal Information
Full Name: Lonnie Jackson
Address: 1125 4th Avenue South, Birmingham, AL 35205
Telephone: Seabreeze 2-3456
Social Security Number: 456-78-9012

Are you legally eligible for employment in the United States? Yes

Position Applied For: SALESMAN, executive type with car

Date Available to Start: Available to begin work immediately.
Are you willing to work overtime if necessary? Yes

Education
High School Attended: A.H. Parker High School
City & State: 900 4th Avenue North, Birmingham, AL 35203
Year Graduated: 1949

Employment History
(Please list your last job, if any)
Employer Name: Southern Industrial Parts
Address: 400 Manufacturing Lane, Birmingham, AL
Job Title: Administrative Assistant
Time Employed: From March To May 1950
Duties: Prepared documents and managed logistical records, ensuring smooth operations in a busy work environment.
Reason for Leaving: Departed to seek increased compensation and career advancement.

Authorization & Signature
I certify that the above information is true and complete to the best of my knowledge. I understand that providing false information may result in termination of my employment.
Signature (Print): Lonnie Jackson
Date: June 26, 1950",male,male,male,male,white,black,white,black,1950
Birmingham,sales,1950,6,18,"Sales
MEN OR WOMEN to sell insurance and real estate. ADAMSVILLE fine Advance commissions up to $325 per day. Free outfit. CHAS CHESTER SHOE CO., 4 Chester Bldg., GRAYSVILLE 2311. Brockton, Mass.","APPLICATION FOR EMPLOYMENT

Personal Information
Full Name: Judith Ryan
Address: 1125 4th Avenue South, Birmingham, AL 35205
Telephone: KLondike 5-1234
Social Security Number: 123-45-6789

Are you legally eligible for employment in the United States? Yes

Position Applied For: SALES

Date Available to Start: Available to begin work immediately.
Are you willing to work overtime if necessary? Yes

Education
High School Attended: Woodlawn High School
City & State: 5620 1st Avenue North, Birmingham, AL 35212
Year Graduated: 1949

Employment History
(Please list your last job, if any)
Employer Name: General Trading Co.
Address: 128 Market Street, Birmingham, AL
Job Title: Store Clerk
Time Employed: From April To June 1950
Duties: Assisted customers with purchases and maintained inventory records. Handled cash transactions and provided general customer service.
Reason for Leaving: Left seeking improved benefits.

Authorization & Signature
I certify that the above information is true and complete to the best of my knowledge. I understand that providing false information may result in termination of my employment.
Signature (Print): Judith Ryan
Date: June 25, 1950","APPLICATION FOR EMPLOYMENT

Personal Information
Full Name: Shelia Washington
Address: 846 Graymont Avenue West, Birmingham, AL 3520
Telephone: BEacon 3-9981
Social Security Number: 234-56-7890

Are you legally eligible for employment in the United States? Yes

Position Applied For: SALES

Date Available to Start: Available to begin work immediately.
Are you willing to work overtime if necessary? Yes

Education
High School Attended: A.H. Parker High School
City & State: 900 4th Avenue North, Birmingham, AL 35203
Year Graduated: 1949

Employment History
(Please list your last job, if any)
Employer Name: City Outfitters Ltd.
Address: 305 2nd Avenue, Birmingham, AL
Job Title: Retail Assistant
Time Employed: From April To June 1950
Duties: Managed merchandise displays and supported daily store operations. Assisted in handling payment transactions with diligence.
Reason for Leaving: Departed to pursue better pay and career growth.

Authorization & Signature
I certify that the above information is true and complete to the best of my knowledge. I understand that providing false information may result in termination of my employment.
Signature (Print): Shelia Washington
Date: July 02, 1950","APPLICATION FOR EMPLOYMENT

Personal Information
Full Name: Odell Jones
Address: 1315 Center Street North, Birmingham, AL 35204
Telephone: WTaps 2-3456
Social Security Number: 345-67-8901

Are you legally eligible for employment in the United States? Yes

Position Applied For: SALES

Date Available to Start: Available to begin work immediately.
Are you willing to work overtime if necessary? Yes

Education
High School Attended: A.H. Parker High School
City & State: 900 4th Avenue North, Birmingham, AL 35203
Year Graduated: 1949

Employment History
(Please list your last job, if any)
Employer Name: Downtown Mercantile
Address: 67 Commerce Street, Birmingham, AL
Job Title: Cashier
Time Employed: From March To May 1950
Duties: Operated the cash register and maintained orderly transaction records. Provided assistance during peak shopping hours.
Reason for Leaving: Sought opportunities with higher earnings.

Authorization & Signature
I certify that the above information is true and complete to the best of my knowledge. I understand that providing false information may result in termination of my employment.
Signature (Print): Odell Jones
Date: July 02, 1950","APPLICATION FOR EMPLOYMENT

Personal Information
Full Name: David Kelly
Address: 5723 2nd Avenue North, Birmingham, AL 35212
Telephone: NEagle 6-1122
Social Security Number: 456-78-9012

Are you legally eligible for employment in the United States? Yes

Position Applied For: SALES

Date Available to Start: Available to begin work immediately.
Are you willing to work overtime if necessary? Yes

Education
High School Attended: Woodlawn High School
City & State: 5620 1st Avenue North, Birmingham, AL 35212
Year Graduated: 1949

Employment History
(Please list your last job, if any)
Employer Name: Birmingham General Store
Address: 89 Industrial Road, Birmingham, AL
Job Title: Service Clerk
Time Employed: From April To June 1950
Duties: Handled customer inquiries and processed sales orders accurately. Kept detailed records of inventory and transactions.
Reason for Leaving: Left to pursue advancement and greater challenges.

Authorization & Signature
I certify that the above information is true and complete to the best of my knowledge. I understand that providing false information may result in termination of my employment.
Signature (Print): David Kelly
Date: July 01, 1950",female,female,male,male,white,black,black,white,1950
Birmingham,sales,1950,6,18,"Sales LEATHER STRONGPOINT manufacturer requires 3 experienced loan contact men, capable of handling sales work. Salary and commission. Send references to Gray's Automatic Fishman, Carrollton, Ky.","APPLICATION FOR EMPLOYMENT

Personal Information
Full Name: Odell Jackson
Address: 1125 4th Avenue South, Birmingham, AL 35205
Telephone: KLondike 5-1234
Social Security Number: 123-45-6789

Are you legally eligible for employment in the United States? Yes

Position Applied For: LOAN CONTACT MAN

Date Available to Start: Available to begin work immediately.
Are you willing to work overtime if necessary? Yes

Education
High School Attended: A.H. Parker High School
City & State: 900 4th Avenue North, Birmingham, AL 35203
Year Graduated: 1949

Employment History
(Please list your last job, if any)
Employer Name: Birmingham General Store
Address: 1020 3rd Avenue, Birmingham, AL
Job Title: Store Clerk
Time Employed: From February To April 1950
Duties: Managed inventory and assisted customers in a department store setting, responsible for daily cash handling.
Reason for Leaving: Left to seek opportunities with better pay.

Authorization & Signature
I certify that the above information is true and complete to the best of my knowledge. I understand that providing false information may result in termination of my employment.
Signature (Print): Odell Jackson
Date: June 25, 1950","APPLICATION FOR EMPLOYMENT

Personal Information
Full Name: Douglas Ryan
Address: 1315 Center Street North, Birmingham, AL 35204
Telephone: BEacon 3-9981
Social Security Number: 234-56-7890

Are you legally eligible for employment in the United States? Yes

Position Applied For: LOAN CONTACT MAN

Date Available to Start: Available to begin work immediately.
Are you willing to work overtime if necessary? Yes

Education
High School Attended: Woodlawn High School
City & State: 5620 1st Avenue North, Birmingham, AL 35212
Year Graduated: 1949

Employment History
(Please list your last job, if any)
Employer Name: Birmingham Hardware Co.
Address: 311 East Magnolia Street, Birmingham, AL
Job Title: General Laborer
Time Employed: From February To April 1950
Duties: Assisted with stock deliveries and maintained upkeep of the store, ensuring product availability.
Reason for Leaving: Sought improved benefits and steady work hours.

Authorization & Signature
I certify that the above information is true and complete to the best of my knowledge. I understand that providing false information may result in termination of my employment.
Signature (Print): Douglas Ryan
Date: June 28, 1950","APPLICATION FOR EMPLOYMENT

Personal Information
Full Name: Rufus Washington
Address: 5723 2nd Avenue North, Birmingham, AL 35212
Telephone: Mayfield 2-8901
Social Security Number: 345-67-8901

Are you legally eligible for employment in the United States? Yes

Position Applied For: LOAN CONTACT MAN

Date Available to Start: Available to begin work immediately.
Are you willing to work overtime if necessary? Yes

Education
High School Attended: A.H. Parker High School
City & State: 900 4th Avenue North, Birmingham, AL 35203
Year Graduated: 1949

Employment History
(Please list your last job, if any)
Employer Name: Birmingham Express Delivery
Address: 87 Southside Boulevard, Birmingham, AL
Job Title: Delivery Assistant
Time Employed: From February To April 1950
Duties: Assisted in routing deliveries and handling customer parcels, maintaining accurate logs of shipments.
Reason for Leaving: Departed seeking a position with more responsibility and improved pay.

Authorization & Signature
I certify that the above information is true and complete to the best of my knowledge. I understand that providing false information may result in termination of my employment.
Signature (Print): Rufus Washington
Date: June 28, 1950","APPLICATION FOR EMPLOYMENT

Personal Information
Full Name: Robert Murray
Address: 846 Graymont Avenue West, Birmingham, AL 3520
Telephone: KLima 8-6543
Social Security Number: 456-78-9012

Are you legally eligible for employment in the United States? Yes

Position Applied For: LOAN CONTACT MAN

Date Available to Start: Available to begin work immediately.
Are you willing to work overtime if necessary? Yes

Education
High School Attended: Woodlawn High School
City & State: 5620 1st Avenue North, Birmingham, AL 35212
Year Graduated: 1949

Employment History
(Please list your last job, if any)
Employer Name: Birmingham Post & Telegraph
Address: 212 Coal Street, Birmingham, AL
Job Title: Office Runner
Time Employed: From March To May 1950
Duties: Handled dispatch of mail and performed clerical duties, including filing and assisting with customer inquiries.
Reason for Leaving: Left to pursue a career offering higher pay and better working conditions.

Authorization & Signature
I certify that the above information is true and complete to the best of my knowledge. I understand that providing false information may result in termination of my employment.
Signature (Print): Robert Murray
Date: June 28, 1950",male,male,male,male,black,white,black,white,1950
Birmingham,sales,1950,6,18,"EXPERIENCED SURETY MAN. Must be able to handle accounts effectively. Excellent salary provided. Write Phil Maid, Inc., 1030 W. Jackson Blvd., Chicago, IL.","APPLICATION FOR EMPLOYMENT

Personal Information
Full Name: Jeffrey Sullivan
Address: 1315 Center Street North, Birmingham, AL 35204
Telephone: KLondike 5-1234
Social Security Number: 234-56-7890

Are you legally eligible for employment in the United States? Yes

Position Applied For: EXPERIENCED SURETY MAN

Date Available to Start: Available to begin work immediately.
Are you willing to work overtime if necessary? Yes

Education
High School Attended: Woodlawn High School
City & State: 5620 1st Avenue North, Birmingham, AL 35212
Year Graduated: 1949

Employment History
(Please list your last job, if any)
Employer Name: Birmingham Ledger Co.
Address: 1280 2nd Avenue, Birmingham, AL
Job Title: Accounts Clerk
Time Employed: From April To June 1950
Duties: Recorded daily transactions and reconciled ledgers using manual registers. Assisted in preparing financial summaries for management review.
Reason for Leaving: Leaving in search of better pay and improved benefits.

Authorization & Signature
I certify that the above information is true and complete to the best of my knowledge. I understand that providing false information may result in termination of my employment.
Signature (Print): Jeffrey Sullivan
Date: July 01, 1950","APPLICATION FOR EMPLOYMENT

Personal Information
Full Name: Booker Robinson
Address: 1125 4th Avenue South, Birmingham, AL 35205
Telephone: BEacon 3-9981
Social Security Number: 345-67-8901

Are you legally eligible for employment in the United States? Yes

Position Applied For: EXPERIENCED SURETY MAN

Date Available to Start: Available to begin work immediately.
Are you willing to work overtime if necessary? Yes

Education
High School Attended: A.H. Parker High School
City & State: 900 4th Avenue North, Birmingham, AL 35203
Year Graduated: 1949

Employment History
(Please list your last job, if any)
Employer Name: Southern Bank & Trust Office
Address: 22 E. 5th Street, Birmingham, AL
Job Title: Accounting Assistant
Time Employed: From February To April 1950
Duties: Handled customer transactions and maintained account balances. Prepared daily account summaries manually while ensuring accuracy and completeness.
Reason for Leaving: Seeking an opportunity with more stable hours and higher wages.

Authorization & Signature
I certify that the above information is true and complete to the best of my knowledge. I understand that providing false information may result in termination of my employment.
Signature (Print): Booker Robinson
Date: June 29, 1950","APPLICATION FOR EMPLOYMENT

Personal Information
Full Name: Robert Kelly
Address: 846 Graymont Avenue West, Birmingham, AL 3520
Telephone: Murray 6-3344
Social Security Number: 456-78-9012

Are you legally eligible for employment in the United States? Yes

Position Applied For: EXPERIENCED SURETY MAN

Date Available to Start: Available to begin work immediately.
Are you willing to work overtime if necessary? Yes

Education
High School Attended: Woodlawn High School
City & State: 5620 1st Avenue North, Birmingham, AL 35212
Year Graduated: 1949

Employment History
(Please list your last job, if any)
Employer Name: Jefferson Financial Services
Address: 310 Central Ave, Birmingham, AL
Job Title: Bookkeeping Assistant
Time Employed: From March To May 1950
Duties: Managed daily cash receipts and recorded transactions in ledger books. Assisted senior bookkeepers in reconciling accounts on a weekly basis.
Reason for Leaving: Desiring improved salary and better working conditions.

Authorization & Signature
I certify that the above information is true and complete to the best of my knowledge. I understand that providing false information may result in termination of my employment.
Signature (Print): Robert Kelly
Date: July 01, 1950","APPLICATION FOR EMPLOYMENT

Personal Information
Full Name: Roosevelt Jones
Address: 5723 2nd Avenue North, Birmingham, AL 35212
Telephone: Harbor 8-5566
Social Security Number: 567-89-0123

Are you legally eligible for employment in the United States? Yes

Position Applied For: EXPERIENCED SURETY MAN

Date Available to Start: Available to begin work immediately.
Are you willing to work overtime if necessary? Yes

Education
High School Attended: A.H. Parker High School
City & State: 900 4th Avenue North, Birmingham, AL 35203
Year Graduated: 1949

Employment History
(Please list your last job, if any)
Employer Name: Midtown General Finance
Address: 789 1st Street, Birmingham, AL
Job Title: Clerical Associate
Time Employed: From February To April 1950
Duties: Maintained financial records and upJune 27, 1950d ledger books manually. Assisted in balancing the register and processing daily transactions with care.
Reason for Leaving: Departed in search of more competitive compensation.

Authorization & Signature
I certify that the above information is true and complete to the best of my knowledge. I understand that providing false information may result in termination of my employment.
Signature (Print): Roosevelt Jones
Date: June 27, 1950",male,male,male,male,white,black,white,black,1950
Birmingham,store clerk,1950,4,2,"COUNTER GIRL - No typing, some experience in laundry or dry cleaning. See Mrs. Dillard, Walters Emp., N. 21st St. (Viaduct).","APPLICATION FOR EMPLOYMENT

Personal Information
Full Name: Ethel Washington
Address: 1125 4th Avenue South, Birmingham, AL 35205
Telephone: KLondike 5-1234
Social Security Number: 234-56-7890

Are you legally eligible for employment in the United States? Yes

Position Applied For: COUNTER GIRL

Date Available to Start: Available to begin work immediately.
Are you willing to work overtime if necessary? Yes

Education
High School Attended: A.H. Parker High School
City & State: 900 4th Avenue North, Birmingham, AL 35203
Year Graduated: 1949

Employment History
(Please list your last job, if any)
Employer Name: Mountain Laundry Services
Address: 321 Jefferson St, Birmingham, AL
Job Title: Laundry Attendant
Time Employed: From December To February 1950
Duties: Was responsible for sorting, washing, and folding linens in a busy laundry facility.
Reason for Leaving: Left to seek better pay.

Authorization & Signature
I certify that the above information is true and complete to the best of my knowledge. I understand that providing false information may result in termination of my employment.
Signature (Print): Ethel Washington
Date: April 12, 1950","APPLICATION FOR EMPLOYMENT

Personal Information
Full Name: Eileen Sullivan
Address: 5723 2nd Avenue North, Birmingham, AL 35212
Telephone: BEacon 3-9981
Social Security Number: 345-67-8901

Are you legally eligible for employment in the United States? Yes

Position Applied For: COUNTER GIRL

Date Available to Start: Available to begin work immediately.
Are you willing to work overtime if necessary? Yes

Education
High School Attended: Woodlawn High School
City & State: 5620 1st Avenue North, Birmingham, AL 35212
Year Graduated: 1949

Employment History
(Please list your last job, if any)
Employer Name: Southside Dry Cleaners
Address: 789 Elm Ave, Birmingham, AL
Job Title: Dry Cleaning Worker
Time Employed: From January To March 1950
Duties: Handled stain removal and fabric care while operating cleaning machines.
Reason for Leaving: Sought improved working conditions.

Authorization & Signature
I certify that the above information is true and complete to the best of my knowledge. I understand that providing false information may result in termination of my employment.
Signature (Print): Eileen Sullivan
Date: April 11, 1950","APPLICATION FOR EMPLOYMENT

Personal Information
Full Name: Judith Kelly
Address: 1315 Center Street North, Birmingham, AL 35204
Telephone: KLondike 7-4646
Social Security Number: 456-78-9012

Are you legally eligible for employment in the United States? Yes

Position Applied For: COUNTER GIRL

Date Available to Start: Available to begin work immediately.
Are you willing to work overtime if necessary? Yes

Education
High School Attended: Woodlawn High School
City & State: 5620 1st Avenue North, Birmingham, AL 35212
Year Graduated: 1949

Employment History
(Please list your last job, if any)
Employer Name: Central Laundromat
Address: 200 Peachtree St, Birmingham, AL
Job Title: Washer and Ironer
Time Employed: From February To April 1950
Duties: Managed laundry orders and ironed garments ensuring high customer satisfaction.
Reason for Leaving: Looking for chance to work closer to home.

Authorization & Signature
I certify that the above information is true and complete to the best of my knowledge. I understand that providing false information may result in termination of my employment.
Signature (Print): Judith Kelly
Date: April 10, 1950","APPLICATION FOR EMPLOYMENT

Personal Information
Full Name: Mamie Jackson
Address: 846 Graymont Avenue West, Birmingham, AL 3520
Telephone: BEacon 2-3344
Social Security Number: 567-89-0123

Are you legally eligible for employment in the United States? Yes

Position Applied For: COUNTER GIRL

Date Available to Start: Available to begin work immediately.
Are you willing to work overtime if necessary? Yes

Education
High School Attended: A.H. Parker High School
City & State: 900 4th Avenue North, Birmingham, AL 35203
Year Graduated: 1949

Employment History
(Please list your last job, if any)
Employer Name: East Side Cleaners
Address: 1507 Maple Rd, Birmingham, AL
Job Title: Cleaning Assistant
Time Employed: From January To March 1950
Duties: Assisted in handling dry cleaning preparations and basic fabric repairs.
Reason for Leaving: Left for opportunities to earn a higher wage.

Authorization & Signature
I certify that the above information is true and complete to the best of my knowledge. I understand that providing false information may result in termination of my employment.
Signature (Print): Mamie Jackson
Date: April 10, 1950",female,female,female,female,black,white,white,black,1950
Birmingham,stenographer,1950,4,2,"STENOGRAPHER - Age 25-35, some legal or mtg. loan experience, excellent co., and working conditions. 5 days, downtown. See Mrs. Walters, Walters Emp., 7 N. 21st St. (Viaduct).","APPLICATION FOR EMPLOYMENT

Personal Information
Full Name: Lucille Washington
Address: 1125 4th Avenue South, Birmingham, AL 35205
Telephone: KLondike 5-1234
Social Security Number: 123-45-6789

Are you legally eligible for employment in the United States? Yes

Position Applied For: STENOGRAPHER

Date Available to Start: Available to begin work immediately.
Are you willing to work overtime if necessary? Yes

Education
High School Attended: A.H. Parker High School
City & State: 900 4th Avenue North, Birmingham, AL 35203
Year Graduated: 1949

Employment History
(Please list your last job, if any)
Employer Name: Central Business Supplies
Address: 101 1st Avenue, Birmingham, AL
Job Title: Office Clerk
Time Employed: From January To March 1950
Duties: Handled filing, data entry, and correspondence under the supervision of the office manager. Assisted in organizing documents and maintaining records.
Reason for Leaving: Sought improved pay and benefits.

Authorization & Signature
I certify that the above information is true and complete to the best of my knowledge. I understand that providing false information may result in termination of my employment.
Signature (Print): Lucille Washington
Date: April 10, 1950","APPLICATION FOR EMPLOYMENT

Personal Information
Full Name: Suzanne O’Brien
Address: 5723 2nd Avenue North, Birmingham, AL 35212
Telephone: Beacon 3-9981
Social Security Number: 234-56-7890

Are you legally eligible for employment in the United States? Yes

Position Applied For: STENOGRAPHER

Date Available to Start: Available to begin work immediately.
Are you willing to work overtime if necessary? Yes

Education
High School Attended: Woodlawn High School
City & State: 5620 1st Avenue North, Birmingham, AL 35212
Year Graduated: 1949

Employment History
(Please list your last job, if any)
Employer Name: Midtown Postal Service
Address: 202 2nd Street, Birmingham, AL
Job Title: Mail Clerk
Time Employed: From December To February 1950
Duties: Sorted and distributed mail, maintained delivery logs, and assisted with basic administrative tasks in a busy postal office.
Reason for Leaving: Left in search of better wages.

Authorization & Signature
I certify that the above information is true and complete to the best of my knowledge. I understand that providing false information may result in termination of my employment.
Signature (Print): Suzanne O’Brien
Date: April 09, 1950","APPLICATION FOR EMPLOYMENT

Personal Information
Full Name: Robert Murray
Address: 846 Graymont Avenue West, Birmingham, AL 3520
Telephone: Broadway 6-1122
Social Security Number: 345-67-8901

Are you legally eligible for employment in the United States? Yes

Position Applied For: STENOGRAPHER

Date Available to Start: Available to begin work immediately.
Are you willing to work overtime if necessary? Yes

Education
High School Attended: Woodlawn High School
City & State: 5620 1st Avenue North, Birmingham, AL 35212
Year Graduated: 1949

Employment History
(Please list your last job, if any)
Employer Name: Birmingham Commercial Office
Address: 303 Elm Street, Birmingham, AL
Job Title: Secretary Assistant
Time Employed: From January To March 1950
Duties: Managed office records, assisted with correspondence, and supported daily clerical tasks in a moderately paced office setting.
Reason for Leaving: Departure was due to company downsizing.

Authorization & Signature
I certify that the above information is true and complete to the best of my knowledge. I understand that providing false information may result in termination of my employment.
Signature (Print): Robert Murray
Date: April 12, 1950","APPLICATION FOR EMPLOYMENT

Personal Information
Full Name: Roosevelt Williams
Address: 1315 Center Street North, Birmingham, AL 35204
Telephone: Empire 2-3344
Social Security Number: 456-78-9012

Are you legally eligible for employment in the United States? Yes

Position Applied For: STENOGRAPHER

Date Available to Start: Available to begin work immediately.
Are you willing to work overtime if necessary? Yes

Education
High School Attended: A.H. Parker High School
City & State: 900 4th Avenue North, Birmingham, AL 35203
Year Graduated: 1949

Employment History
(Please list your last job, if any)
Employer Name: Southside Manufacturing Co.
Address: 404 South Road, Birmingham, AL
Job Title: Administrative Worker
Time Employed: From February To April 1950
Duties: Maintained inventory logs, organized files, and provided support for various office administrative functions in a manufacturing setting.
Reason for Leaving: Resigned to pursue opportunities with better conditions.

Authorization & Signature
I certify that the above information is true and complete to the best of my knowledge. I understand that providing false information may result in termination of my employment.
Signature (Print): Roosevelt Williams
Date: April 10, 1950",female,female,male,male,black,white,white,black,1950
Birmingham,typist,1950,4,2,"TYPISTS (2) - H.S. grads. Accuracy rather than speed important. Free to travel, interesting work, expenses and $45 week. Will work in B'ham till 1st of May. See Mrs. Walters. Walters Emp., 7 N. 21st St. (Viaduct).","APPLICATION FOR EMPLOYMENT

Personal Information
Full Name: Ethel Jones
Address: 1315 Center Street North, Birmingham, AL 35204
Telephone: KLondike 5-1234
Social Security Number: 387-54-1290

Are you legally eligible for employment in the United States? Yes

Position Applied For: TYPIST

Date Available to Start: Available to begin work immediately.
Are you willing to work overtime if necessary? Yes

Education
High School Attended: A.H. Parker High School
City & State: 900 4th Avenue North, Birmingham, AL 35203
Year Graduated: 1949

Employment History
(Please list your last job, if any)
Employer Name: Birmingham Municipal Records
Address: 102 E. 5th Avenue, Birmingham, AL
Job Title: Clerk
Time Employed: From January To March 1950
Duties: Maintained filing records and typed correspondence for the municipal office in support of local government functions.
Reason for Leaving: Left in search of better pay.

Authorization & Signature
I certify that the above information is true and complete to the best of my knowledge. I understand that providing false information may result in termination of my employment.
Signature (Print): Ethel Jones
Date: April 12, 1950","APPLICATION FOR EMPLOYMENT

Personal Information
Full Name: Kathryn McCarthy
Address: 5723 2nd Avenue North, Birmingham, AL 35212
Telephone: BEacon 3-9981
Social Security Number: 562-30-4982

Are you legally eligible for employment in the United States? Yes

Position Applied For: TYPIST

Date Available to Start: Available to begin work immediately.
Are you willing to work overtime if necessary? Yes

Education
High School Attended: Woodlawn High School
City & State: 5620 1st Avenue North, Birmingham, AL 35212
Year Graduated: 1949

Employment History
(Please list your last job, if any)
Employer Name: Southern Depository Office
Address: 350 Main Street, Birmingham, AL
Job Title: Office Assistant
Time Employed: From December To February 1950
Duties: Assisted with data entry and maintained essential documents for daily administrative operations at the office.
Reason for Leaving: Sought improved benefits.

Authorization & Signature
I certify that the above information is true and complete to the best of my knowledge. I understand that providing false information may result in termination of my employment.
Signature (Print): Kathryn McCarthy
Date: April 14, 1950","APPLICATION FOR EMPLOYMENT

Personal Information
Full Name: Odell Williams
Address: 846 Graymont Avenue West, Birmingham, AL 3520
Telephone: KLondike 7-4321
Social Security Number: 481-22-3357

Are you legally eligible for employment in the United States? Yes

Position Applied For: TYPIST

Date Available to Start: Available to begin work immediately.
Are you willing to work overtime if necessary? Yes

Education
High School Attended: A.H. Parker High School
City & State: 900 4th Avenue North, Birmingham, AL 35203
Year Graduated: 1949

Employment History
(Please list your last job, if any)
Employer Name: Midtown Federal Bank
Address: 210 2nd Avenue, Birmingham, AL
Job Title: Bank Runner
Time Employed: From January To March 1950
Duties: Handled incoming mail and performed routine clerical tasks, which included organizing documents and relaying messages.
Reason for Leaving: Looking for better opportunities.

Authorization & Signature
I certify that the above information is true and complete to the best of my knowledge. I understand that providing false information may result in termination of my employment.
Signature (Print): Odell Williams
Date: April 11, 1950","APPLICATION FOR EMPLOYMENT

Personal Information
Full Name: Scott Sullivan
Address: 1125 4th Avenue South, Birmingham, AL 35205
Telephone: BEacon 2-1357
Social Security Number: 319-56-7842

Are you legally eligible for employment in the United States? Yes

Position Applied For: TYPIST

Date Available to Start: Available to begin work immediately.
Are you willing to work overtime if necessary? Yes

Education
High School Attended: Woodlawn High School
City & State: 5620 1st Avenue North, Birmingham, AL 35212
Year Graduated: 1949

Employment History
(Please list your last job, if any)
Employer Name: City Hall Records Department
Address: 77 Government Plaza, Birmingham, AL
Job Title: Records Clerk
Time Employed: From January To March 1950
Duties: Organized public records and drafted routine correspondence as part of administrative duties in a municipal setting.
Reason for Leaving: Wanted a new challenge with more consistent hours.

Authorization & Signature
I certify that the above information is true and complete to the best of my knowledge. I understand that providing false information may result in termination of my employment.
Signature (Print): Scott Sullivan
Date: April 09, 1950",female,female,male,male,black,white,black,white,1950
Birmingham,telephone operator,1950,4,2,"HIGH SCHOOL grad to learn switchboard, neat, intelligent, not over 26. $30-$35. See Mrs. Levingston, Central Emp., 404 N. 20th St. 54-8531.","APPLICATION FOR EMPLOYMENT

Personal Information
Full Name: Roscoe Jackson
Address: 5723 2nd Avenue North, Birmingham, AL 35212
Telephone: KLondike 5-1234
Social Security Number: 123-45-6789

Are you legally eligible for employment in the United States? Yes

Position Applied For: TELEPHONE OPERATOR

Date Available to Start: Available to begin work immediately.
Are you willing to work overtime if necessary? Yes

Education
High School Attended: A.H. Parker High School
City & State: 900 4th Avenue North, Birmingham, AL 35203
Year Graduated: 1949

Employment History
(Please list your last job, if any)
Employer Name: Birmingham General Store
Address: 1005 Magnolia Ave, Birmingham, AL
Job Title: Store Clerk
Time Employed: From December To February 1950
Duties: Performed routine clerical tasks, maintained inventory records, and assisted customers with general inquiries.
Reason for Leaving: Left to seek better pay and improved benefits.

Authorization & Signature
I certify that the above information is true and complete to the best of my knowledge. I understand that providing false information may result in termination of my employment.
Signature (Print): Roscoe Jackson
Date: April 14, 1950","APPLICATION FOR EMPLOYMENT

Personal Information
Full Name: Susan Walsh
Address: 1125 4th Avenue South, Birmingham, AL 35205
Telephone: BEacon 3-9981
Social Security Number: 234-56-7890

Are you legally eligible for employment in the United States? Yes

Position Applied For: TELEPHONE OPERATOR

Date Available to Start: Available to begin work immediately.
Are you willing to work overtime if necessary? Yes

Education
High School Attended: Woodlawn High School
City & State: 5620 1st Avenue North, Birmingham, AL 35212
Year Graduated: 1949

Employment History
(Please list your last job, if any)
Employer Name: Jefferson Manufacturing
Address: 200 Industrial Blvd, Birmingham, AL
Job Title: Assembly Line Worker
Time Employed: From December To February 1950
Duties: Assisted on the production floor by operating basic machinery and conducting routine quality checks.
Reason for Leaving: Departed in search of improved working conditions and better wages.

Authorization & Signature
I certify that the above information is true and complete to the best of my knowledge. I understand that providing false information may result in termination of my employment.
Signature (Print): Susan Walsh
Date: April 12, 1950","APPLICATION FOR EMPLOYMENT

Personal Information
Full Name: Richard Kelly
Address: 1315 Center Street North, Birmingham, AL 35204
Telephone: KLondike 7-4567
Social Security Number: 345-67-8901

Are you legally eligible for employment in the United States? Yes

Position Applied For: TELEPHONE OPERATOR

Date Available to Start: Available to begin work immediately.
Are you willing to work overtime if necessary? Yes

Education
High School Attended: Woodlawn High School
City & State: 5620 1st Avenue North, Birmingham, AL 35212
Year Graduated: 1949

Employment History
(Please list your last job, if any)
Employer Name: Southern Railway Depot
Address: 312 West Union Street, Birmingham, AL
Job Title: Railway Porter
Time Employed: From January To March 1950
Duties: Assisted in the loading and unloading of freight and maintained basic scheduling records during daily operations.
Reason for Leaving: Sought new opportunities that offered a more steady income.

Authorization & Signature
I certify that the above information is true and complete to the best of my knowledge. I understand that providing false information may result in termination of my employment.
Signature (Print): Richard Kelly
Date: April 15, 1950","APPLICATION FOR EMPLOYMENT

Personal Information
Full Name: Mattie Jones
Address: 846 Graymont Avenue West, Birmingham, AL 3520
Telephone: BEacon 6-1122
Social Security Number: 456-78-9012

Are you legally eligible for employment in the United States? Yes

Position Applied For: TELEPHONE OPERATOR

Date Available to Start: Available to begin work immediately.
Are you willing to work overtime if necessary? Yes

Education
High School Attended: A.H. Parker High School
City & State: 900 4th Avenue North, Birmingham, AL 35203
Year Graduated: 1949

Employment History
(Please list your last job, if any)
Employer Name: City Postal Service
Address: 320 Elm Street, Birmingham, AL
Job Title: Mail Sorter
Time Employed: From December To February 1950
Duties: Sorted incoming mail and maintained delivery logs while assisting with dispatch operations in a fast-paced environment.
Reason for Leaving: Left to pursue advancement opportunities and better compensation.

Authorization & Signature
I certify that the above information is true and complete to the best of my knowledge. I understand that providing false information may result in termination of my employment.
Signature (Print): Mattie Jones
Date: April 13, 1950",male,female,male,female,black,white,white,black,1950
Birmingham,secretary,1950,6,11,"TRACER CLERK, age 25-30, 44 hrs must type, very light dictation, and salary. THE NELSON SERVICE 504 Bell Bldg., 1814 2nd Ave. N.","APPLICATION FOR EMPLOYMENT

Personal Information
Full Name: Lucille Jones
Address: 846 Graymont Avenue West, Birmingham, AL 3520
Telephone: KLondike 5-1234
Social Security Number: 234-56-7890

Are you legally eligible for employment in the United States? Yes

Position Applied For: TRACER CLERK

Date Available to Start: Available to begin work immediately.
Are you willing to work overtime if necessary? Yes

Education
High School Attended: A.H. Parker High School
City & State: 900 4th Avenue North, Birmingham, AL 35203
Year Graduated: 1949

Employment History
(Please list your last job, if any)
Employer Name: Birmingham Municipal Records
Address: 122 Main Street, Birmingham, AL
Job Title: Record Clerk
Time Employed: From February To April 1950
Duties: Assisted with filing and correspondence, maintained records accurately and organized office documents.
Reason for Leaving: Seeking better pay and improved benefits.

Authorization & Signature
I certify that the above information is true and complete to the best of my knowledge. I understand that providing false information may result in termination of my employment.
Signature (Print): Lucille Jones
Date: June 20, 1950","APPLICATION FOR EMPLOYMENT

Personal Information
Full Name: Stuart Murphy
Address: 1315 Center Street North, Birmingham, AL 35204
Telephone: BEacon 3-9981
Social Security Number: 345-67-8901

Are you legally eligible for employment in the United States? Yes

Position Applied For: TRACER CLERK

Date Available to Start: Available to begin work immediately.
Are you willing to work overtime if necessary? Yes

Education
High School Attended: Woodlawn High School
City & State: 5620 1st Avenue North, Birmingham, AL 35212
Year Graduated: 1949

Employment History
(Please list your last job, if any)
Employer Name: Metro Administrative Services
Address: 789 Elm Street, Birmingham, AL
Job Title: Office Clerk
Time Employed: From April To June 1950
Duties: Filed daily documents, prepared correspondence, and maintained an orderly desk; operated a typewriter efficiently.
Reason for Leaving: Sought opportunities with improved benefits and working conditions.

Authorization & Signature
I certify that the above information is true and complete to the best of my knowledge. I understand that providing false information may result in termination of my employment.
Signature (Print): Stuart Murphy
Date: June 18, 1950","APPLICATION FOR EMPLOYMENT

Personal Information
Full Name: Leroy Washington
Address: 5723 2nd Avenue North, Birmingham, AL 35212
Telephone: MEadow 4-6789
Social Security Number: 456-78-9012

Are you legally eligible for employment in the United States? Yes

Position Applied For: TRACER CLERK

Date Available to Start: Available to begin work immediately.
Are you willing to work overtime if necessary? Yes

Education
High School Attended: A.H. Parker High School
City & State: 900 4th Avenue North, Birmingham, AL 35203
Year Graduated: 1949

Employment History
(Please list your last job, if any)
Employer Name: Central City Admin Office
Address: 310 Oak Avenue, Birmingham, AL
Job Title: Administrative Assistant
Time Employed: From April To June 1950
Duties: Managed paperwork and assisted in scheduling; ensured efficient handling of routine office tasks.
Reason for Leaving: Looking for a position with higher wages and better prospects.

Authorization & Signature
I certify that the above information is true and complete to the best of my knowledge. I understand that providing false information may result in termination of my employment.
Signature (Print): Leroy Washington
Date: June 22, 1950","APPLICATION FOR EMPLOYMENT

Personal Information
Full Name: Suzanne McCarthy
Address: 1125 4th Avenue South, Birmingham, AL 35205
Telephone: REdwood 2-5567
Social Security Number: 567-89-0123

Are you legally eligible for employment in the United States? Yes

Position Applied For: TRACER CLERK

Date Available to Start: Available to begin work immediately.
Are you willing to work overtime if necessary? Yes

Education
High School Attended: Woodlawn High School
City & State: 5620 1st Avenue North, Birmingham, AL 35212
Year Graduated: 1949

Employment History
(Please list your last job, if any)
Employer Name: Downtown Business Bureau
Address: 1500 3rd Street, Birmingham, AL
Job Title: Clerical Worker
Time Employed: From March To May 1950
Duties: Organized files, prepared documents, and supported general office operations; adept with typewriter work.
Reason for Leaving: Seeking improved remuneration and career advancement.

Authorization & Signature
I certify that the above information is true and complete to the best of my knowledge. I understand that providing false information may result in termination of my employment.
Signature (Print): Suzanne McCarthy
Date: June 19, 1950",female,male,male,female,black,white,black,white,1950
Birmingham,sales,1950,6,11,"Salesman wanted. Best opportunity in town for experienced man. Come by and hear our proposition. See Mr. Bowden, HOME APPLIANCE & HEATING CO. 1101 Vanderbilt Rd.","APPLICATION FOR EMPLOYMENT

Personal Information
Full Name: Stephen Kelly
Address: 846 Graymont Avenue West, Birmingham, AL 3520
Telephone: KLondike 5-1234
Social Security Number: 123-45-6789

Are you legally eligible for employment in the United States? Yes

Position Applied For: SALESMAN

Date Available to Start: Available to begin work immediately.
Are you willing to work overtime if necessary? Yes

Education
High School Attended: Woodlawn High School
City & State: 5620 1st Avenue North, Birmingham, AL 35212
Year Graduated: 1949

Employment History
(Please list your last job, if any)
Employer Name: Birmingham General Mercantile
Address: 1222 Magnolia Ave, Birmingham, AL
Job Title: Store Clerk
Time Employed: From March To May 1950
Duties: Assisted customers, managed cash transactions, and arranged merchandise displays.
Reason for Leaving: Seeking better pay.

Authorization & Signature
I certify that the above information is true and complete to the best of my knowledge. I understand that providing false information may result in termination of my employment.
Signature (Print): Stephen Kelly
Date: June 24, 1950","APPLICATION FOR EMPLOYMENT

Personal Information
Full Name: Willie Robinson
Address: 1125 4th Avenue South, Birmingham, AL 35205
Telephone: BEacon 3-9981
Social Security Number: 234-56-7890

Are you legally eligible for employment in the United States? Yes

Position Applied For: SALESMAN

Date Available to Start: Available to begin work immediately.
Are you willing to work overtime if necessary? Yes

Education
High School Attended: A.H. Parker High School
City & State: 900 4th Avenue North, Birmingham, AL 35203
Year Graduated: 1949

Employment History
(Please list your last job, if any)
Employer Name: Southern General Store
Address: 3300 Pine St, Birmingham, AL
Job Title: Sales Assistant
Time Employed: From April To June 1950
Duties: Helped maintain store organization, stocked shelves, and handled customer inquiries.
Reason for Leaving: Left in search of improved benefits.

Authorization & Signature
I certify that the above information is true and complete to the best of my knowledge. I understand that providing false information may result in termination of my employment.
Signature (Print): Willie Robinson
Date: June 21, 1950","APPLICATION FOR EMPLOYMENT

Personal Information
Full Name: Odell Jones
Address: 1315 Center Street North, Birmingham, AL 35204
Telephone: DArkwood 4-5678
Social Security Number: 345-67-8901

Are you legally eligible for employment in the United States? Yes

Position Applied For: SALESMAN

Date Available to Start: Available to begin work immediately.
Are you willing to work overtime if necessary? Yes

Education
High School Attended: A.H. Parker High School
City & State: 900 4th Avenue North, Birmingham, AL 35203
Year Graduated: 1949

Employment History
(Please list your last job, if any)
Employer Name: Central City Supplies
Address: 789 Elm Street, Birmingham, AL
Job Title: Counter Clerk
Time Employed: From April To June 1950
Duties: Processed sales transactions, maintained inventory records, and assisted in customer service.
Reason for Leaving: Seeking opportunities for career advancement.

Authorization & Signature
I certify that the above information is true and complete to the best of my knowledge. I understand that providing false information may result in termination of my employment.
Signature (Print): Odell Jones
Date: June 22, 1950","APPLICATION FOR EMPLOYMENT

Personal Information
Full Name: Stephen Walsh
Address: 5723 2nd Avenue North, Birmingham, AL 35212
Telephone: WILLOW 6-2345
Social Security Number: 456-78-9012

Are you legally eligible for employment in the United States? Yes

Position Applied For: SALESMAN

Date Available to Start: Available to begin work immediately.
Are you willing to work overtime if necessary? Yes

Education
High School Attended: Woodlawn High School
City & State: 5620 1st Avenue North, Birmingham, AL 35212
Year Graduated: 1949

Employment History
(Please list your last job, if any)
Employer Name: Eastern General Market
Address: 455 Oakridge Blvd, Birmingham, AL
Job Title: Retail Aide
Time Employed: From February To April 1950
Duties: Handled customer purchases, assisted with inventory, and maintained orderly displays.
Reason for Leaving: Moved on seeking better compensation.

Authorization & Signature
I certify that the above information is true and complete to the best of my knowledge. I understand that providing false information may result in termination of my employment.
Signature (Print): Stephen Walsh
Date: June 22, 1950",male,male,male,male,white,black,black,white,1950
Birmingham,sales,1950,6,11,"Salesman needed, age 25 to 45 with car. Must have own transportation. Regular work available. See Mr. Street, HOME INSULATION CO. 1101 Vanderbilt Rd.","APPLICATION FOR EMPLOYMENT

Personal Information
Full Name: Judith Sullivan
Address: 5723 2nd Avenue North, Birmingham, AL 35212
Telephone: KLondike 5-1234
Social Security Number: 234-56-7890

Are you legally eligible for employment in the United States? Yes

Position Applied For: SALESMAN

Date Available to Start: Available to begin work immediately.
Are you willing to work overtime if necessary? Yes

Education
High School Attended: Woodlawn High School
City & State: 5620 1st Avenue North, Birmingham, AL 35212
Year Graduated: 1949

Employment History
(Please list your last job, if any)
Employer Name: Birmingham General Store
Address: 123 Commerce Street, Birmingham, AL
Job Title: Store Clerk
Time Employed: From February To April 1950
Duties: Assisted in managing daily store operations, arranged displays and handled customer transactions efficiently.
Reason for Leaving: Left in search of improved wages and benefits.

Authorization & Signature
I certify that the above information is true and complete to the best of my knowledge. I understand that providing false information may result in termination of my employment.
Signature (Print): Judith Sullivan
Date: June 20, 1950","APPLICATION FOR EMPLOYMENT

Personal Information
Full Name: Roscoe Robinson
Address: 1125 4th Avenue South, Birmingham, AL 35205
Telephone: BEacon 3-9981
Social Security Number: 345-67-8901

Are you legally eligible for employment in the United States? Yes

Position Applied For: SALESMAN

Date Available to Start: Available to begin work immediately.
Are you willing to work overtime if necessary? Yes

Education
High School Attended: A.H. Parker High School
City & State: 900 4th Avenue North, Birmingham, AL 35203
Year Graduated: 1949

Employment History
(Please list your last job, if any)
Employer Name: Birmingham Packing and Shipping Co.
Address: 789 Industrial Ave, Birmingham, AL
Job Title: Warehouse Worker
Time Employed: From March To May 1950
Duties: Handled packing, sorting, and shipping of merchandise while maintaining accurate records.
Reason for Leaving: Resigned to pursue better compensation and working conditions.

Authorization & Signature
I certify that the above information is true and complete to the best of my knowledge. I understand that providing false information may result in termination of my employment.
Signature (Print): Roscoe Robinson
Date: June 25, 1950","APPLICATION FOR EMPLOYMENT

Personal Information
Full Name: Robert Kelly
Address: 846 Graymont Avenue West, Birmingham, AL 3520
Telephone: AMp 2-4567
Social Security Number: 456-78-9012

Are you legally eligible for employment in the United States? Yes

Position Applied For: SALESMAN

Date Available to Start: Available to begin work immediately.
Are you willing to work overtime if necessary? Yes

Education
High School Attended: Woodlawn High School
City & State: 5620 1st Avenue North, Birmingham, AL 35212
Year Graduated: 1949

Employment History
(Please list your last job, if any)
Employer Name: Birmingham Manufacturing Ltd.
Address: 456 Manufacturing Blvd, Birmingham, AL
Job Title: Assembly Line Worker
Time Employed: From February To April 1950
Duties: Operated machinery and assisted in quality control on the assembly line.
Reason for Leaving: Departed due to limited growth opportunities.

Authorization & Signature
I certify that the above information is true and complete to the best of my knowledge. I understand that providing false information may result in termination of my employment.
Signature (Print): Robert Kelly
Date: June 21, 1950","APPLICATION FOR EMPLOYMENT

Personal Information
Full Name: Lillie Jones
Address: 1315 Center Street North, Birmingham, AL 35204
Telephone: Harbor 4-5678
Social Security Number: 567-89-0123

Are you legally eligible for employment in the United States? Yes

Position Applied For: SALESMAN

Date Available to Start: Available to begin work immediately.
Are you willing to work overtime if necessary? Yes

Education
High School Attended: A.H. Parker High School
City & State: 900 4th Avenue North, Birmingham, AL 35203
Year Graduated: 1949

Employment History
(Please list your last job, if any)
Employer Name: Birmingham Shipping & Receiving
Address: 321 Market Street, Birmingham, AL
Job Title: Logistics Assistant
Time Employed: From February To April 1950
Duties: Coordinated shipment documentation and assisted in scheduling shipments.
Reason for Leaving: Left to seek improved benefits and working conditions.

Authorization & Signature
I certify that the above information is true and complete to the best of my knowledge. I understand that providing false information may result in termination of my employment.
Signature (Print): Lillie Jones
Date: June 25, 1950",female,male,male,female,white,black,white,black,1950
Birmingham,sales,1950,6,11,"American Employment Bureau. AUTO PARTS counter salesman, experienced. Dependable with references. $250-$300 monthly. 54-2551 Mr. Levingston, Central Emp N. 20th St. 54-8531.","APPLICATION FOR EMPLOYMENT

Personal Information
Full Name: Essie Washington
Address: 1315 Center Street North, Birmingham, AL 35204
Telephone: KLondike 5-1234
Social Security Number: 234-56-7890

Are you legally eligible for employment in the United States? Yes

Position Applied For: AUTO PARTS COUNTER SALESMAN

Date Available to Start: Available to begin work immediately.
Are you willing to work overtime if necessary? Yes

Education
High School Attended: A.H. Parker High School
City & State: 900 4th Avenue North, Birmingham, AL 35203
Year Graduated: 1949

Employment History
(Please list your last job, if any)
Employer Name: Birmingham General Store
Address: 123 Elm Street, Birmingham, AL
Job Title: Retail Clerk
Time Employed: From February To April 1950
Duties: Assisted customers with purchases, restocked merchandise, and maintained orderly displays. Handled cash and provided prompt customer service.
Reason for Leaving: Left for better compensation and improved benefits.

Authorization & Signature
I certify that the above information is true and complete to the best of my knowledge. I understand that providing false information may result in termination of my employment.
Signature (Print): Essie Washington
Date: June 24, 1950","APPLICATION FOR EMPLOYMENT

Personal Information
Full Name: Scott Kelly
Address: 846 Graymont Avenue West, Birmingham, AL 3520
Telephone: BEacon 3-9981
Social Security Number: 345-67-8901

Are you legally eligible for employment in the United States? Yes

Position Applied For: AUTO PARTS COUNTER SALESMAN

Date Available to Start: Available to begin work immediately.
Are you willing to work overtime if necessary? Yes

Education
High School Attended: Woodlawn High School
City & State: 5620 1st Avenue North, Birmingham, AL 35212
Year Graduated: 1949

Employment History
(Please list your last job, if any)
Employer Name: Southern Variety Shop
Address: 405 2nd Avenue, Birmingham, AL
Job Title: Counter Clerk
Time Employed: From February To April 1950
Duties: Managed customer interactions, processed sales transactions, and kept orderly display areas while maintaining accurate inventory records.
Reason for Leaving: Sought opportunities for better pay and career advancement.

Authorization & Signature
I certify that the above information is true and complete to the best of my knowledge. I understand that providing false information may result in termination of my employment.
Signature (Print): Scott Kelly
Date: June 25, 1950","APPLICATION FOR EMPLOYMENT

Personal Information
Full Name: Leroy Robinson
Address: 1125 4th Avenue South, Birmingham, AL 35205
Telephone: Colony 7-4567
Social Security Number: 456-78-9012

Are you legally eligible for employment in the United States? Yes

Position Applied For: AUTO PARTS COUNTER SALESMAN

Date Available to Start: Available to begin work immediately.
Are you willing to work overtime if necessary? Yes

Education
High School Attended: A.H. Parker High School
City & State: 900 4th Avenue North, Birmingham, AL 35203
Year Graduated: 1949

Employment History
(Please list your last job, if any)
Employer Name: Central Mercantile
Address: 789 Market Street, Birmingham, AL
Job Title: Sales Associate
Time Employed: From April To June 1950
Duties: Assisted a range of customers in a bustling general store, maintained sales records, and handled cash transactions with diligence.
Reason for Leaving: Wanted higher wages and improved working conditions.

Authorization & Signature
I certify that the above information is true and complete to the best of my knowledge. I understand that providing false information may result in termination of my employment.
Signature (Print): Leroy Robinson
Date: June 25, 1950","APPLICATION FOR EMPLOYMENT

Personal Information
Full Name: Jill Murray
Address: 5723 2nd Avenue North, Birmingham, AL 35212
Telephone: Bourbon 4-1122
Social Security Number: 567-89-0123

Are you legally eligible for employment in the United States? Yes

Position Applied For: AUTO PARTS COUNTER SALESMAN

Date Available to Start: Available to begin work immediately.
Are you willing to work overtime if necessary? Yes

Education
High School Attended: Woodlawn High School
City & State: 5620 1st Avenue North, Birmingham, AL 35212
Year Graduated: 1949

Employment History
(Please list your last job, if any)
Employer Name: Neighborhood General Store
Address: 321 Oak Drive, Birmingham, AL
Job Title: Service Clerk
Time Employed: From March To May 1950
Duties: Provided customer assistance at a local retail establishment, handled register duties, and ensured the sales floor was well organized.
Reason for Leaving: Departed in search of better pay and enhanced benefits.

Authorization & Signature
I certify that the above information is true and complete to the best of my knowledge. I understand that providing false information may result in termination of my employment.
Signature (Print): Jill Murray
Date: June 21, 1950",female,male,male,female,black,white,black,white,1950
Birmingham,customer services,1950,6,18,"YOUNG WOMEN, 18 to 30, unmarried, for specialized airlines training in preparation for positions. Line: reservationists, hostesses. INTERESTING DUTIES, clean surroundings, good pay, and opportunity for advancement; at least high school diploma required; preliminary preparation need not interfere with present activities; training formulated under the guidance of an advisory board of representatives of 16 major airlines. CENTRAL'S graduates have been employed by every major airline in the country. Write CENTRAL SCHOOLS, P. O. Box 4058 B'ham, Ala.","APPLICATION FOR EMPLOYMENT

Personal Information
Full Name: Janet Ryan
Address: 1315 Center Street North, Birmingham, AL 35204
Telephone: KLondike 5-1234
Social Security Number: 231-45-6789

Are you legally eligible for employment in the United States? Yes

Position Applied For: Reservationist

Date Available to Start: Available to begin work immediately.
Are you willing to work overtime if necessary? Yes

Education
High School Attended: Woodlawn High School
City & State: 5620 1st Avenue North, Birmingham, AL 35212
Year Graduated: 1949

Employment History
(Please list your last job, if any)
Employer Name: Birmingham General Store
Address: 123 Main Street, Birmingham, AL
Job Title: Sales Clerk
Time Employed: From March To May 1950
Duties: Assisted customers with purchases and maintained inventory records at the local general store.
Reason for Leaving: Left in search of better compensation and opportunities.

Authorization & Signature
I certify that the above information is true and complete to the best of my knowledge. I understand that providing false information may result in termination of my employment.
Signature (Print): Janet Ryan
Date: June 25, 1950","APPLICATION FOR EMPLOYMENT

Personal Information
Full Name: Thelma Robinson
Address: 1125 4th Avenue South, Birmingham, AL 35205
Telephone: BEacon 3-9981
Social Security Number: 562-78-1234

Are you legally eligible for employment in the United States? Yes

Position Applied For: Hostess

Date Available to Start: Available to begin work immediately.
Are you willing to work overtime if necessary? Yes

Education
High School Attended: A.H. Parker High School
City & State: 900 4th Avenue North, Birmingham, AL 35203
Year Graduated: 1949

Employment History
(Please list your last job, if any)
Employer Name: Southern Dry Goods Co.
Address: 250 Commerce Ave, Birmingham, AL
Job Title: Cashier
Time Employed: From March To May 1950
Duties: Handled transactions and managed daily cash, ensuring accuracy and customer satisfaction.
Reason for Leaving: Resigned to seek improved benefits and working conditions.

Authorization & Signature
I certify that the above information is true and complete to the best of my knowledge. I understand that providing false information may result in termination of my employment.
Signature (Print): Thelma Robinson
Date: June 25, 1950","APPLICATION FOR EMPLOYMENT

Personal Information
Full Name: Essie Williams
Address: 846 Graymont Avenue West, Birmingham, AL 3520
Telephone: PAlmetto 6-4821
Social Security Number: 389-67-4501

Are you legally eligible for employment in the United States? Yes

Position Applied For: Reservationist

Date Available to Start: Available to begin work immediately.
Are you willing to work overtime if necessary? Yes

Education
High School Attended: A.H. Parker High School
City & State: 900 4th Avenue North, Birmingham, AL 35203
Year Graduated: 1949

Employment History
(Please list your last job, if any)
Employer Name: Birmingham Mercantile
Address: 78 Market Street, Birmingham, AL
Job Title: Store Assistant
Time Employed: From April To June 1950
Duties: Provided customer service and organized merchandise displays in a busy store environment.
Reason for Leaving: Pursued better pay and advancement opportunities.

Authorization & Signature
I certify that the above information is true and complete to the best of my knowledge. I understand that providing false information may result in termination of my employment.
Signature (Print): Essie Williams
Date: June 30, 1950","APPLICATION FOR EMPLOYMENT

Personal Information
Full Name: Jill Murphy
Address: 5723 2nd Avenue North, Birmingham, AL 35212
Telephone: Rivermill 4-2098
Social Security Number: 704-32-1987

Are you legally eligible for employment in the United States? Yes

Position Applied For: Hostess

Date Available to Start: Available to begin work immediately.
Are you willing to work overtime if necessary? Yes

Education
High School Attended: Woodlawn High School
City & State: 5620 1st Avenue North, Birmingham, AL 35212
Year Graduated: 1949

Employment History
(Please list your last job, if any)
Employer Name: City Department Store
Address: 405 First Avenue, Birmingham, AL
Job Title: Service Associate
Time Employed: From March To May 1950
Duties: Assisted in daily store operations, including stocking and customer inquiries, ensuring a pleasant shopping environment.
Reason for Leaving: Moved on seeking improved pay and benefits.

Authorization & Signature
I certify that the above information is true and complete to the best of my knowledge. I understand that providing false information may result in termination of my employment.
Signature (Print): Jill Murphy
Date: June 26, 1950",female,female,female,female,white,black,black,white,1950
Birmingham,sales,1950,6,4,"HELP WANTED, MALE 45 SALESMAN This ad is directed to a young man who is interested in securing a Job with a future. The man selected will earn an above average income while in training. Factory representative and salesmanager will train the man who qualifies for this position. Car necessary. Apply 9:30 and 1:30. Maytag Southeastern Co. 714 3RD AVE., N.","APPLICATION FOR EMPLOYMENT

Personal Information
Full Name: Scott Sullivan
Address: 1125 4th Avenue South, Birmingham, AL 35205
Telephone: KLondike 5-1234
Social Security Number: 123-45-6789

Are you legally eligible for employment in the United States? Yes

Position Applied For: SALESMAN

Date Available to Start: Available to begin work immediately.
Are you willing to work overtime if necessary? Yes

Education
High School Attended: Woodlawn High School
City & State: 5620 1st Avenue North, Birmingham, AL 35212
Year Graduated: 1949

Employment History
(Please list your last job, if any)
Employer Name: Birmingham General Supply Co.
Address: 101 First Avenue, Birmingham, AL
Job Title: Warehouse Laborer
Time Employed: From February To April 1950
Duties: Assisted in loading and unloading shipments; maintained inventory records.
Reason for Leaving: Left in search of improved compensation.

Authorization & Signature
I certify that the above information is true and complete to the best of my knowledge. I understand that providing false information may result in termination of my employment.
Signature (Print): Scott Sullivan
Date: June 15, 1950","APPLICATION FOR EMPLOYMENT

Personal Information
Full Name: Roscoe Jones
Address: 846 Graymont Avenue West, Birmingham, AL 3520
Telephone: BEacon 3-9981
Social Security Number: 234-56-7890

Are you legally eligible for employment in the United States? Yes

Position Applied For: SALESMAN

Date Available to Start: Available to begin work immediately.
Are you willing to work overtime if necessary? Yes

Education
High School Attended: A.H. Parker High School
City & State: 900 4th Avenue North, Birmingham, AL 35203
Year Graduated: 1949

Employment History
(Please list your last job, if any)
Employer Name: Mid-South Manufacturing Inc.
Address: 202 Industrial Road, Birmingham, AL
Job Title: Factory Worker
Time Employed: From March To May 1950
Duties: Operated machinery and performed general labor tasks while ensuring quality control measures were met.
Reason for Leaving: Departed for better pay and career advancement.

Authorization & Signature
I certify that the above information is true and complete to the best of my knowledge. I understand that providing false information may result in termination of my employment.
Signature (Print): Roscoe Jones
Date: June 14, 1950","APPLICATION FOR EMPLOYMENT

Personal Information
Full Name: Leroy Robinson
Address: 1315 Center Street North, Birmingham, AL 35204
Telephone: Cheyenne 7-4512
Social Security Number: 345-67-8901

Are you legally eligible for employment in the United States? Yes

Position Applied For: SALESMAN

Date Available to Start: Available to begin work immediately.
Are you willing to work overtime if necessary? Yes

Education
High School Attended: A.H. Parker High School
City & State: 900 4th Avenue North, Birmingham, AL 35203
Year Graduated: 1949

Employment History
(Please list your last job, if any)
Employer Name: Southern Transport Lines
Address: 303 Commerce Street, Birmingham, AL
Job Title: Delivery Helper
Time Employed: From February To April 1950
Duties: Assisted drivers by organizing cargo and ensuring timely deliveries through efficient loading practices.
Reason for Leaving: Looking for more stable work with broader opportunities.

Authorization & Signature
I certify that the above information is true and complete to the best of my knowledge. I understand that providing false information may result in termination of my employment.
Signature (Print): Leroy Robinson
Date: June 17, 1950","APPLICATION FOR EMPLOYMENT

Personal Information
Full Name: David Baker
Address: 5723 2nd Avenue North, Birmingham, AL 35212
Telephone: Sunset 4-6789
Social Security Number: 456-78-9012

Are you legally eligible for employment in the United States? Yes

Position Applied For: SALESMAN

Date Available to Start: Available to begin work immediately.
Are you willing to work overtime if necessary? Yes

Education
High School Attended: Woodlawn High School
City & State: 5620 1st Avenue North, Birmingham, AL 35212
Year Graduated: 1949

Employment History
(Please list your last job, if any)
Employer Name: Alabama Packing Co.
Address: 404 Market Boulevard, Birmingham, AL
Job Title: Packhouse Operative
Time Employed: From April To June 1950
Duties: Managed packaging operations and assisted in dispatch, ensuring products were securely prepared for shipment.
Reason for Leaving: Sought increased remuneration and better benefits.

Authorization & Signature
I certify that the above information is true and complete to the best of my knowledge. I understand that providing false information may result in termination of my employment.
Signature (Print): David Baker
Date: June 14, 1950",male,male,male,male,white,black,black,white,1950
Birmingham,sales,1950,6,4,"HELP WANTED, MALE 45 SALESMAN Wanted for Alabama. Excellent opportunity for resident of Alabama with following to represent Jobber of variety and general merchandise for variety, hardware, drug and general stores. Write immediately to Shainberg & Zimmerman, 305 Broadway, Nashville, Tenn.","APPLICATION FOR EMPLOYMENT

Personal Information
Full Name: Booker Jackson
Address: 846 Graymont Avenue West, Birmingham, AL 3520
Telephone: KLondike 5-1234
Social Security Number: 234-56-7890

Are you legally eligible for employment in the United States? Yes

Position Applied For: SALESMAN

Date Available to Start: Available to begin work immediately.
Are you willing to work overtime if necessary? Yes

Education
High School Attended: A.H. Parker High School
City & State: 900 4th Avenue North, Birmingham, AL 35203
Year Graduated: 1949

Employment History
(Please list your last job, if any)
Employer Name: Birmingham General Supplies
Address: 123 Industrial Ave, Birmingham, AL
Job Title: Assistant Clerk
Time Employed: From April To June 1950
Duties: Assisted customers and maintained inventory on the sales floor, organized product displays, and processed cash transactions.
Reason for Leaving: Left seeking improved pay.

Authorization & Signature
I certify that the above information is true and complete to the best of my knowledge. I understand that providing false information may result in termination of my employment.
Signature (Print): Booker Jackson
Date: June 18, 1950","APPLICATION FOR EMPLOYMENT

Personal Information
Full Name: Jeffrey Baker
Address: 1125 4th Avenue South, Birmingham, AL 35205
Telephone: BEacon 3-9981
Social Security Number: 345-67-8901

Are you legally eligible for employment in the United States? Yes

Position Applied For: SALESMAN

Date Available to Start: Available to begin work immediately.
Are you willing to work overtime if necessary? Yes

Education
High School Attended: Woodlawn High School
City & State: 5620 1st Avenue North, Birmingham, AL 35212
Year Graduated: 1949

Employment History
(Please list your last job, if any)
Employer Name: Southern Retailers Co.
Address: 200 Commerce St, Birmingham, AL
Job Title: Store Associate
Time Employed: From April To June 1950
Duties: Attended to daily merchandising, restocked shelves, and helped arrange weekly promotional displays to boost sales.
Reason for Leaving: Resigned in search of better working conditions.

Authorization & Signature
I certify that the above information is true and complete to the best of my knowledge. I understand that providing false information may result in termination of my employment.
Signature (Print): Jeffrey Baker
Date: June 17, 1950","APPLICATION FOR EMPLOYMENT

Personal Information
Full Name: Rufus Robinson
Address: 1315 Center Street North, Birmingham, AL 35204
Telephone: Goldline 4-1111
Social Security Number: 456-78-9012

Are you legally eligible for employment in the United States? Yes

Position Applied For: SALESMAN

Date Available to Start: Available to begin work immediately.
Are you willing to work overtime if necessary? Yes

Education
High School Attended: A.H. Parker High School
City & State: 900 4th Avenue North, Birmingham, AL 35203
Year Graduated: 1949

Employment History
(Please list your last job, if any)
Employer Name: Midtown Trading Co.
Address: 789 Market Road, Birmingham, AL
Job Title: Counter Salesman
Time Employed: From March To May 1950
Duties: Supported store operations by managing incoming inventory records, greeting customers, and processing simple transactions.
Reason for Leaving: Departed for higher wages and additional responsibilities.

Authorization & Signature
I certify that the above information is true and complete to the best of my knowledge. I understand that providing false information may result in termination of my employment.
Signature (Print): Rufus Robinson
Date: June 14, 1950","APPLICATION FOR EMPLOYMENT

Personal Information
Full Name: Stuart O’Brien
Address: 5723 2nd Avenue North, Birmingham, AL 35212
Telephone: Tower 7-3210
Social Security Number: 567-89-0123

Are you legally eligible for employment in the United States? Yes

Position Applied For: SALESMAN

Date Available to Start: Available to begin work immediately.
Are you willing to work overtime if necessary? Yes

Education
High School Attended: Woodlawn High School
City & State: 5620 1st Avenue North, Birmingham, AL 35212
Year Graduated: 1949

Employment History
(Please list your last job, if any)
Employer Name: Central Wholesale Mercantile
Address: 456 Trade Circle, Birmingham, AL
Job Title: Retail Assistant
Time Employed: From April To June 1950
Duties: Handled merchandise replenishment, assisted in basic customer service, and ensured display areas remained orderly.
Reason for Leaving: Moved on in pursuit of opportunities for better benefits.

Authorization & Signature
I certify that the above information is true and complete to the best of my knowledge. I understand that providing false information may result in termination of my employment.
Signature (Print): Stuart O’Brien
Date: June 13, 1950",male,male,male,male,black,white,black,white,1950
Birmingham,sales,1950,6,4,"SALESMAN carry fast selling popular priced compact line ladies handbags. Commission. Full cooperation, Ree Handbag Co., 35 W. 33rd St., New York City.","APPLICATION FOR EMPLOYMENT

Personal Information
Full Name: Otis Robinson
Address: 1315 Center Street North, Birmingham, AL 35204
Telephone: KLondike 5-1234
Social Security Number: 123-45-6789

Are you legally eligible for employment in the United States? Yes

Position Applied For: SALESMAN

Date Available to Start: Available to begin work immediately.
Are you willing to work overtime if necessary? Yes

Education
High School Attended: A.H. Parker High School
City & State: 900 4th Avenue North, Birmingham, AL 35203
Year Graduated: 1949

Employment History
(Please list your last job, if any)
Employer Name: Birmingham General Store
Address: 25 2nd Avenue, Birmingham, AL
Job Title: Sales Assistant
Time Employed: From February To April 1950
Duties: Managed inventory and assisted customers with their everyday purchases, ensuring a well-organized sales floor.
Reason for Leaving: Sought improved pay and better benefits.

Authorization & Signature
I certify that the above information is true and complete to the best of my knowledge. I understand that providing false information may result in termination of my employment.
Signature (Print): Otis Robinson
Date: June 18, 1950","APPLICATION FOR EMPLOYMENT

Personal Information
Full Name: Scott Kelly
Address: 846 Graymont Avenue West, Birmingham, AL 3520
Telephone: BEacon 3-9981
Social Security Number: 234-56-7890

Are you legally eligible for employment in the United States? Yes

Position Applied For: SALESMAN

Date Available to Start: Available to begin work immediately.
Are you willing to work overtime if necessary? Yes

Education
High School Attended: Woodlawn High School
City & State: 5620 1st Avenue North, Birmingham, AL 35212
Year Graduated: 1949

Employment History
(Please list your last job, if any)
Employer Name: Southern General Mercantile
Address: 58 Commerce Road, Birmingham, AL
Job Title: Clerk
Time Employed: From March To May 1950
Duties: Operated cashier duties and assisted in restocking shelves, contributing to the smooth operation of daily retail activities.
Reason for Leaving: Left in search of opportunities for advancement.

Authorization & Signature
I certify that the above information is true and complete to the best of my knowledge. I understand that providing false information may result in termination of my employment.
Signature (Print): Scott Kelly
Date: June 11, 1950","APPLICATION FOR EMPLOYMENT

Personal Information
Full Name: Roscoe Jackson
Address: 1125 4th Avenue South, Birmingham, AL 35205
Telephone: BEacon 4-5678
Social Security Number: 345-67-8901

Are you legally eligible for employment in the United States? Yes

Position Applied For: SALESMAN

Date Available to Start: Available to begin work immediately.
Are you willing to work overtime if necessary? Yes

Education
High School Attended: A.H. Parker High School
City & State: 900 4th Avenue North, Birmingham, AL 35203
Year Graduated: 1949

Employment History
(Please list your last job, if any)
Employer Name: Midtown Variety Store
Address: 101 Market Street, Birmingham, AL
Job Title: Store Attendant
Time Employed: From February To April 1950
Duties: Handled customer service tasks and maintained orderly displays to support overall store operations.
Reason for Leaving: Departed to seek a position offering better compensation.

Authorization & Signature
I certify that the above information is true and complete to the best of my knowledge. I understand that providing false information may result in termination of my employment.
Signature (Print): Roscoe Jackson
Date: June 15, 1950","APPLICATION FOR EMPLOYMENT

Personal Information
Full Name: Douglas Sullivan
Address: 5723 2nd Avenue North, Birmingham, AL 35212
Telephone: KLondike 6-7890
Social Security Number: 456-78-9012

Are you legally eligible for employment in the United States? Yes

Position Applied For: SALESMAN

Date Available to Start: Available to begin work immediately.
Are you willing to work overtime if necessary? Yes

Education
High School Attended: Woodlawn High School
City & State: 5620 1st Avenue North, Birmingham, AL 35212
Year Graduated: 1949

Employment History
(Please list your last job, if any)
Employer Name: Central Department Store
Address: 77 Main Street, Birmingham, AL
Job Title: Retail Associate
Time Employed: From March To May 1950
Duties: Provided assistance to customers and coordinated stock replenishment while maintaining a neat and orderly sales environment.
Reason for Leaving: Resigned due to the promise of improved working conditions and pay.

Authorization & Signature
I certify that the above information is true and complete to the best of my knowledge. I understand that providing false information may result in termination of my employment.
Signature (Print): Douglas Sullivan
Date: June 12, 1950",male,male,male,male,black,white,black,white,1950
Birmingham,sales,1950,6,4,"PERSONNEL CLINIC 1512-16 Comer Bldg. 4-1687 NO REGISTRATION FEE National affiliation with branches 48 states. 54-1511 MAJOR APPLIANCE SALESMAN is an excellent position for young man to earn an above average income. Car necessary. Apply 9:30 and 1:30. Maytag Southeastern Co. 714 3RD AVE., N.","APPLICATION FOR EMPLOYMENT

Personal Information
Full Name: Robert Walsh
Address: 1315 Center Street North, Birmingham, AL 35204
Telephone: KLondike 5-1234
Social Security Number: 123-45-6789

Are you legally eligible for employment in the United States? Yes

Position Applied For: MAJOR APPLIANCE SALESMAN

Date Available to Start: Available to begin work immediately.
Are you willing to work overtime if necessary? Yes

Education
High School Attended: Woodlawn High School
City & State: 5620 1st Avenue North, Birmingham, AL 35212
Year Graduated: 1949

Employment History
(Please list your last job, if any)
Employer Name: Birmingham General Store
Address: 1025 3rd Ave, Birmingham, AL
Job Title: Store Assistant
Time Employed: From March To May 1950
Duties: Assisted with inventory and maintained store orderliness.
Reason for Leaving: Left to seek improved wages.

Authorization & Signature
I certify that the above information is true and complete to the best of my knowledge. I understand that providing false information may result in termination of my employment.
Signature (Print): Robert Walsh
Date: June 17, 1950","APPLICATION FOR EMPLOYMENT

Personal Information
Full Name: Leroy Washington
Address: 846 Graymont Avenue West, Birmingham, AL 3520
Telephone: BEacon 3-9981
Social Security Number: 234-56-7890

Are you legally eligible for employment in the United States? Yes

Position Applied For: MAJOR APPLIANCE SALESMAN

Date Available to Start: Available to begin work immediately.
Are you willing to work overtime if necessary? Yes

Education
High School Attended: A.H. Parker High School
City & State: 900 4th Avenue North, Birmingham, AL 35203
Year Graduated: 1949

Employment History
(Please list your last job, if any)
Employer Name: Southern Railway Depot
Address: 800 Terminal Rd, Birmingham, AL
Job Title: Maintenance Worker
Time Employed: From April To June 1950
Duties: Performed routine maintenance and handled minor repairs on equipment.
Reason for Leaving: Resigned in search of better benefits.

Authorization & Signature
I certify that the above information is true and complete to the best of my knowledge. I understand that providing false information may result in termination of my employment.
Signature (Print): Leroy Washington
Date: June 14, 1950","APPLICATION FOR EMPLOYMENT

Personal Information
Full Name: David Ryan
Address: 1125 4th Avenue South, Birmingham, AL 35205
Telephone: Sparrow 4-5678
Social Security Number: 345-67-8901

Are you legally eligible for employment in the United States? Yes

Position Applied For: MAJOR APPLIANCE SALESMAN

Date Available to Start: Available to begin work immediately.
Are you willing to work overtime if necessary? Yes

Education
High School Attended: Woodlawn High School
City & State: 5620 1st Avenue North, Birmingham, AL 35212
Year Graduated: 1949

Employment History
(Please list your last job, if any)
Employer Name: Central Birmingham Warehouse
Address: 300 Industrial Blvd, Birmingham, AL
Job Title: Warehouse Laborer
Time Employed: From March To May 1950
Duties: Executed loading and unloading duties and ensured proper organization of goods.
Reason for Leaving: Sought opportunities for career advancement.

Authorization & Signature
I certify that the above information is true and complete to the best of my knowledge. I understand that providing false information may result in termination of my employment.
Signature (Print): David Ryan
Date: June 17, 1950","APPLICATION FOR EMPLOYMENT

Personal Information
Full Name: Leroy Jones
Address: 5723 2nd Avenue North, Birmingham, AL 35212
Telephone: Mariner 2-3210
Social Security Number: 456-78-9012

Are you legally eligible for employment in the United States? Yes

Position Applied For: MAJOR APPLIANCE SALESMAN

Date Available to Start: Available to begin work immediately.
Are you willing to work overtime if necessary? Yes

Education
High School Attended: A.H. Parker High School
City & State: 900 4th Avenue North, Birmingham, AL 35203
Year Graduated: 1949

Employment History
(Please list your last job, if any)
Employer Name: City Public Library
Address: 150 Library Lane, Birmingham, AL
Job Title: Clerical Worker
Time Employed: From March To May 1950
Duties: Managed filing and assisted patrons with basic inquiries.
Reason for Leaving: Departed due to relocation of service.

Authorization & Signature
I certify that the above information is true and complete to the best of my knowledge. I understand that providing false information may result in termination of my employment.
Signature (Print): Leroy Jones
Date: June 11, 1950",male,male,male,male,white,black,white,black,1950
Birmingham,sales,1950,6,4,"AGGRESSIVE HIGH SCHOOL GRADUATE FOR TRAINING IN SALES AND SHIPPING DEPARTMENT WHOLESALE SHOE COMPANY. GIVE AGE, HEIGHT, WEIGHT AND EXPERIENCES. BOX P-117, CARE NEWS.","APPLICATION FOR EMPLOYMENT

Personal Information
Full Name: Jeffrey Sullivan
Address: 1315 Center Street North, Birmingham, AL 35204
Telephone: KLondike 5-1234
Social Security Number: 123-45-6789

Are you legally eligible for employment in the United States? Yes

Position Applied For: Wholesale Shoe Sales Trainee

Date Available to Start: Available to begin work immediately.
Are you willing to work overtime if necessary? Yes

Education
High School Attended: Woodlawn High School
City & State: 5620 1st Avenue North, Birmingham, AL 35212
Year Graduated: 1949

Employment History
(Please list your last job, if any)
Employer Name: Birmingham General Warehouse
Address: 1021 2nd Ave, Birmingham, AL
Job Title: Warehouse Laborer
Time Employed: From April To June 1950
Duties: Loaded and unloaded shipments, maintained inventory records, and assisted in preparing orders for local businesses.
Reason for Leaving: Left in search of improved earnings.

Authorization & Signature
I certify that the above information is true and complete to the best of my knowledge. I understand that providing false information may result in termination of my employment.
Signature (Print): Jeffrey Sullivan
Date: June 15, 1950","APPLICATION FOR EMPLOYMENT

Personal Information
Full Name: Mattie Jackson
Address: 1125 4th Avenue South, Birmingham, AL 35205
Telephone: BEacon 3-9981
Social Security Number: 234-56-7890

Are you legally eligible for employment in the United States? Yes

Position Applied For: Sales and Shipping Trainee

Date Available to Start: Ready to start without delay.
Are you willing to work overtime if necessary? Yes

Education
High School Attended: A.H. Parker High School
City & State: 900 4th Avenue North, Birmingham, AL 35203
Year Graduated: 1949

Employment History
(Please list your last job, if any)
Employer Name: Southern Freight Company
Address: 875 Elm Street, Birmingham, AL
Job Title: Dock Worker
Time Employed: From March To May 1950
Duties: Assisted in unloading freight and organizing crates while keeping accurate records; handled dock operations with care and diligence.
Reason for Leaving: Departed for better pay.

Authorization & Signature
I certify that the above information is true and complete to the best of my knowledge. I understand that providing false information may result in termination of my employment.
Signature (Print): Mattie Jackson
Date: June 12, 1950","APPLICATION FOR EMPLOYMENT

Personal Information
Full Name: Booker Williams
Address: 846 Graymont Avenue West, Birmingham, AL 3520
Telephone: WIndmill 7-1123
Social Security Number: 345-67-8901

Are you legally eligible for employment in the United States? Yes

Position Applied For: Entry-Level Sales Trainee

Date Available to Start: Can commence work immediately.
Are you willing to work overtime if necessary? Yes

Education
High School Attended: A.H. Parker High School
City & State: 900 4th Avenue North, Birmingham, AL 35203
Year Graduated: 1949

Employment History
(Please list your last job, if any)
Employer Name: Alabama Packing & Shipping
Address: 233 Commerce Blvd, Birmingham, AL
Job Title: Shipping Assistant
Time Employed: From February To April 1950
Duties: Helped prepare shipments and packaged goods, assisted in maintaining shipment logs, and conducted basic inventory checks.
Reason for Leaving: Seeking opportunities with enhanced benefits.

Authorization & Signature
I certify that the above information is true and complete to the best of my knowledge. I understand that providing false information may result in termination of my employment.
Signature (Print): Booker Williams
Date: June 12, 1950","APPLICATION FOR EMPLOYMENT

Personal Information
Full Name: Susan O’Brien
Address: 5723 2nd Avenue North, Birmingham, AL 35212
Telephone: Fairmont 4-5643
Social Security Number: 456-78-9012

Are you legally eligible for employment in the United States? Yes

Position Applied For: Trainee in Sales & Shipping Department

Date Available to Start: Available and eager to start right away.
Are you willing to work overtime if necessary? Yes

Education
High School Attended: Woodlawn High School
City & State: 5620 1st Avenue North, Birmingham, AL 35212
Year Graduated: 1949

Employment History
(Please list your last job, if any)
Employer Name: Midtown Distribution Center
Address: 479 Market Street, Birmingham, AL
Job Title: General Laborer
Time Employed: From February To April 1950
Duties: Executed tasks including loading deliveries, organizing stock, and assisting in the timely dispatch of goods to local retailers.
Reason for Leaving: Sought employment with greater prospects.

Authorization & Signature
I certify that the above information is true and complete to the best of my knowledge. I understand that providing false information may result in termination of my employment.
Signature (Print): Susan O’Brien
Date: June 14, 1950",male,female,male,female,white,black,black,white,1950
Birmingham,sales,1950,6,4,"SALESLADY WANTED. Experienced in ladies' ready-to-wear for extra and fill-in positions during vacations. Mrs. Nelson, THE NELSON SERVICE, 504 Bell Bldg, 1814 2nd Ave., N. Age 30 to 40. Must be alert and competent. Apply to Job Call Trammell, 53-2531, Trammell Emp. Commercial Employment. No Registration Fee Charged. The Largest Private Employment Service in America. NATIONAL AFFILIATION, 404-408 Lyric Bldg.","APPLICATION FOR EMPLOYMENT

Personal Information
Full Name: Judith Kelly
Address: 5723 2nd Avenue North, Birmingham, AL 35212
Telephone: KLondike 5-1234
Social Security Number: 123-45-6789

Are you legally eligible for employment in the United States? Yes

Position Applied For: SALESLADY

Date Available to Start: Available to begin work immediately.
Are you willing to work overtime if necessary? Yes

Education
High School Attended: Woodlawn High School
City & State: 5620 1st Avenue North, Birmingham, AL 35212
Year Graduated: 1949

Employment History
(Please list your last job, if any)
Employer Name: Birmingham General Store
Address: 1200 8th Avenue, Birmingham, AL
Job Title: Cashier
Time Employed: From February To April 1950
Duties: Handled customer payments and maintained inventory records. Assisted in daily store operations.
Reason for Leaving: Left seeking better pay and improved benefits.

Authorization & Signature
I certify that the above information is true and complete to the best of my knowledge. I understand that providing false information may result in termination of my employment.
Signature (Print): Judith Kelly
Date: June 16, 1950","APPLICATION FOR EMPLOYMENT

Personal Information
Full Name: Lillie Washington
Address: 1315 Center Street North, Birmingham, AL 35204
Telephone: BEacon 3-9981
Social Security Number: 234-56-7890

Are you legally eligible for employment in the United States? Yes

Position Applied For: SALESLADY

Date Available to Start: Available to begin work immediately.
Are you willing to work overtime if necessary? Yes

Education
High School Attended: A.H. Parker High School
City & State: 900 4th Avenue North, Birmingham, AL 35203
Year Graduated: 1949

Employment History
(Please list your last job, if any)
Employer Name: Central Discount Emporium
Address: 2500 Magnolia St, Birmingham, AL
Job Title: Retail Clerk
Time Employed: From April To June 1950
Duties: Managed sales transactions and organized merchandise displays. Provided courteous service to customers.
Reason for Leaving: Left for better compensation and improved benefits.

Authorization & Signature
I certify that the above information is true and complete to the best of my knowledge. I understand that providing false information may result in termination of my employment.
Signature (Print): Lillie Washington
Date: June 18, 1950","APPLICATION FOR EMPLOYMENT

Personal Information
Full Name: Lillie Williams
Address: 1125 4th Avenue South, Birmingham, AL 35205
Telephone: Emerald 7-4321
Social Security Number: 345-67-8901

Are you legally eligible for employment in the United States? Yes

Position Applied For: SALESLADY

Date Available to Start: Available to begin work immediately.
Are you willing to work overtime if necessary? Yes

Education
High School Attended: A.H. Parker High School
City & State: 900 4th Avenue North, Birmingham, AL 35203
Year Graduated: 1949

Employment History
(Please list your last job, if any)
Employer Name: Southern Mercantile
Address: 3300 Pratt Street, Birmingham, AL
Job Title: Store Assistant
Time Employed: From February To April 1950
Duties: Operated the cash register and assisted with stock replenishment. Maintained orderly displays and provided customer assistance.
Reason for Leaving: Sought opportunities with higher wages and extended benefits.

Authorization & Signature
I certify that the above information is true and complete to the best of my knowledge. I understand that providing false information may result in termination of my employment.
Signature (Print): Lillie Williams
Date: June 14, 1950","APPLICATION FOR EMPLOYMENT

Personal Information
Full Name: Nancy O’Brien
Address: 846 Graymont Avenue West, Birmingham, AL 3520
Telephone: Liberty 2-6754
Social Security Number: 456-78-9012

Are you legally eligible for employment in the United States? Yes

Position Applied For: SALESLADY

Date Available to Start: Available to begin work immediately.
Are you willing to work overtime if necessary? Yes

Education
High School Attended: Woodlawn High School
City & State: 5620 1st Avenue North, Birmingham, AL 35212
Year Graduated: 1949

Employment History
(Please list your last job, if any)
Employer Name: Midtown Trading Co.
Address: 5000 Crestwood Blvd, Birmingham, AL
Job Title: Sales Clerk
Time Employed: From March To May 1950
Duties: Recorded sales transactions and supported floor operations. Ensured product shelving and provided customer service.
Reason for Leaving: Pursued positions offering improved pay and benefits.

Authorization & Signature
I certify that the above information is true and complete to the best of my knowledge. I understand that providing false information may result in termination of my employment.
Signature (Print): Nancy O’Brien
Date: June 15, 1950",female,female,female,female,white,black,black,white,1950
